<?xml version="1.0" encoding="UTF-8"?>
<openerp>
	<data>
		<!-- Vista de formulario -->
		<record model="ir.ui.view" id="upomenu_cliente_form_view">
			<field name="name">view_UPOMenu_cliente_form</field>
			<field name="model">cliente</field>
			<field name="type">form</field>
			<field name="arch" type="xml">
				<form string="form_string">

					<group colspan="2">
						<field name="name" colspan="1" />
						<field name="telefono" />
						<field name="email" />
						<field name="identificador" />
						<field name="evento_ids" />
					</group>

				</form>
			</field>
		</record>

		<!-- Vista de Arbol -->
		<record model="ir.ui.view" id="view_UPOMenu_cliente_tree">
			<field name="name">view_UPOMenu_cliente_view</field>
			<field name="model">cliente</field>
			<field name="type">tree</field>
			<field name="arch" type="xml">
				<tree string="tree_string">					
						<field name="name" colspan="1" />
						<field name="telefono" />
						<field name="email" />
						<field name="identificador" />
						<field name="evento_ids" />
				</tree>
			</field>
		</record>

		<!-- Action -->
		<record id="act_cliente" model="ir.actions.act_window">
			<field name="name">Clientes</field>
			<field name="res_model">cliente</field>
			<field name="view_type">form</field>
			<field name="view_mode">tree,form</field>
		</record>

		<menuitem name="Clientes" id="clientes_submenu" parent="UpoMenu"
			sequence="140" />
		<menuitem name="Ver clientes" id="ver_clientes_submenu"
			parent="clientes_submenu" sequence="110" action="act_cliente" />

	</data>
</openerp>