<?xml version="1.0" encoding="UTF-8"?>
<openerp>
	<data>
		<!-- Vista de formulario -->
		<record model="ir.ui.view" id="view_UPOMenu_plato_form">
			<field name="name">view_UPOMenu_plato_form</field>
			<field name="model">plato</field>
			<field name="type">form</field>
			<field name="arch" type="xml">
				<form string="form_string">
					<group colspan="2">
						<field name="name" />
						<field name="tipo" />
						<field name="precio" />
						<separator string="Ingredientes" colspan="2" />
						<field name="ingrediente_ids" mode="tree" nolabel="1"
							colspan="2" />
					</group>
					<field name="imagen" nolabel="1" widget="image" colspan="2" />
				</form>
			</field>
		</record>
		<!-- Vista de arbol -->
		<record model="ir.ui.view" id="view_UPOMenu_plato_tree">
			<field name="name">view_UPOMenu_plato_tree</field>
			<field name="model">plato</field>
			<field name="type">tree</field>
			<field name="arch" type="xml">
				<tree string="tree_string">
					<field name="name" />
					<field name="tipo" />
					<field name="precio" />
				</tree>
			</field>
		</record>
		<!-- Vista de Búsqueda -->
		<record model="ir.ui.view" id="view_UPOMenu_plato_search">
			<field name="name">view_UPOMenu_plato_search</field>
			<field name="model">plato</field>
			<field name="type">search</field>
			<field name="arch" type="xml">
				<search string="Platos">
					<group expand="0" string="Agrupar por...">
						<filter string="Tipo" context="{'group_by':'tipo'}" />
					</group>
				</search>
			</field>
		</record>
		<!-- Vista de Grafico -->
		<record model="ir.ui.view" id="view_UPOMenu_plato_graph">
			<field name="name">view_UPOMenu_plato_graph</field>
			<field name="model">plato</field>
			<field name="type">graph</field>
			<field name="arch" type="xml">
				<graph string="Platos por precio">
					<field name="name" />
					<field name="precio" />
				</graph>
			</field>
		</record>
		<!-- Action -->
		<record id="act_plato" model="ir.actions.act_window">
			<field name="name">Platos</field>
			<field name="res_model">plato</field>
			<field name="view_type">form</field>
			<field name="view_mode">tree,form,graph</field>
		</record>

		<menuitem name="Platos" id="plato_submenu" parent="UpoMenu"
			sequence="110" action="act_plato" />
		<menuitem name="Ver platos" id="ver_plato_submenu" parent="plato_submenu"
			sequence="100" action="act_plato" />
	</data>
</openerp>